,Alpha,Beta
0,-1.5047530856278493,0.0
1,0.935861772590944,4.524765706819705e-34
2,0.3545014639884102,-1.3731073494040693e-33
