,Alpha,Beta
0,-0.4538732276500506,0.0
1,0.5107007376025949,4.263309888051781e-33
2,-0.0835719449949329,-8.633463075384089e-35
3,1.1914958761642214,-7.4942576748098535e-34
