,Alpha,Beta
0,-1.317300296819615,3.320227429841512e-33
1,0.2043818939784981,-1.3442002860055924e-34
2,-0.0835719449949329,-2.012186142190974e-34
3,0.4027881054403633,0.0
