,Alpha,Beta
0,0.7714488275973626,-7.778266599262844e-33
1,-0.16072738757958324,0.0
2,0.1887115475125994,0.0
3,0.695006615622133,-8.599178705405519e-34
