,Alpha,Beta
0,-0.4162273099718078,0.0
1,-0.019199363119556983,0.0
2,-0.5891604794605049,0.0
3,4.447304357556005,7.371448219465365e-33
