,Alpha,Beta
0,0.5420030586990051,0.0
1,-0.2073302425146948,0.0
2,0.12678578920647396,6.314141380695078e-34
3,0.014798249404345062,0.0
