,Alpha,Beta
0,1.6210645531560732,0.0
1,0.4227651242227462,-1.97930305756876e-33
2,-1.7175443831647814,-4.45791886694524e-33
