,Alpha,Beta
0,1.4344789531128121,6.812613171468068e-34
1,-0.10247818073216612,-3.6096239002101943e-34
2,-0.0835719449949329,-1.1760283018654594e-34
3,-1.1331672170563447,0.0
