,Alpha,Beta
0,-3.340910577082316,0.0
1,1.3541564611740355,-3.168238471224333e-33
2,-0.44972356503163,0.0
3,1.6735486189689117,-1.576450638023813e-33
