,Alpha,Beta
0,0.8843458674326075,0.0
1,-1.4536716728195258,0.0
2,0.1742767514813524,-2.370489315884518e-34
3,1.2523051181828866,0.0
