,Alpha,Beta
0,0.8843458674326075,0.0
1,0.1742767514813524,-2.370489315884518e-34
2,1.2523051181828866,0.0
