,Alpha,Beta
0,-0.13872704255418158,5.694659665778325e-34
1,-0.46742077827515865,-1.3258074628028328e-33
2,-0.19920192907352757,9.545261412116559e-34
