,Alpha,Beta
0,-0.16137656488965485,0.0
1,1.667588360700361,1.124577093069872e-33
2,-0.6685932262166224,0.0
