,Alpha,Beta
0,0.03355781589886495,0.0
1,0.38249107505963803,1.0430162425382373e-33
2,-0.03973074633104404,0.0
3,1.071567912891174,2.2606186339870447e-33
