,Alpha,Beta
0,-2.009925558312655,0.0
1,-0.2783902372339427,1.1092881526465179e-34
2,-0.3466481832772068,0.0
