,Alpha,Beta
0,-2.009925558312655,0.0
1,-0.2783902372339427,1.1092881526465179e-34
2,0.31599793010383637,-1.1399155885792771e-34
3,-0.3466481832772068,0.0
