,Alpha,Beta
0,0.25936324231492197,7.193478221381369e-35
1,1.466837162924366,-2.7099124650637063e-34
2,0.4608767792489651,0.0
