,Alpha,Beta
0,-0.29048902997269554,0.0
1,0.31599793010383637,4.7826862242277625e-34
2,-0.6323373045152317,0.0
3,0.8951823153808997,-5.535845452947322e-33
