,Alpha,Beta
0,1.197781748084388,3.845146003464225e-33
1,-0.31303317855965435,0.0
2,0.7696243144066852,0.0
3,0.05926450194901335,-3.8774884373898303e-35
