,Alpha,Beta
0,0.4523159867778187,-2.2676782255702712e-33
1,-0.1881336905886418,0.0
2,-0.5891604794605049,0.0
3,0.9511832468953687,0.0
