,Alpha,Beta
0,0.08794393559927571,-1.0284141029933906e-34
1,-1.4536716728195258,0.0
2,0.12416797204338162,0.0
3,0.13056022304506532,0.0
