,Alpha,Beta
0,1.3033497447669675,0.0
1,-0.31303317855965435,0.0
2,0.47337285801777546,-1.807010580115027e-33
3,0.9613836883962072,1.0518469835200298e-33
