,Alpha,Beta
0,0.3266214076241889,0.0
1,0.6141199071223316,-3.6812267312128903e-34
2,-0.563054728175823,1.6909923018119452e-34
