,Alpha,Beta
0,-0.08774640571475364,2.0122539996081676e-34
1,-1.0355618196822356,0.0
2,0.6317661993745617,0.0
3,0.4715120952691102,-1.680589084180332e-33
