,Alpha,Beta
0,0.35417104929227927,-1.9047279887196138e-34
1,0.07788376737392753,-1.0243119264194042e-34
2,0.14135679426497186,8.585266644272527e-34
