,Alpha,Beta
0,0.28996955166272464,-8.709697287818109e-34
1,-0.16072738757958324,0.0
2,1.3701427674771423,2.653941561464716e-33
3,0.5001672115106334,0.0
