,Alpha,Beta
0,0.8352130613775801,4.668543696976712e-34
1,-0.16072738757958324,0.0
2,-0.5230516603786804,1.1972616410319323e-33
3,-0.3163232898780124,1.311995569627026e-34
