,Alpha,Beta
0,1.2326296399794858,0.0
1,-1.4536716728195258,0.0
2,0.3883906503777981,9.349713725364958e-35
3,-0.5510064436203992,-1.1461210056148685e-33
