,Alpha,Beta
0,0.641322005285901,0.0
1,0.8987687591813567,-1.822613036014222e-33
2,0.3031792626033654,0.0
