,Alpha,Beta
0,0.09194182426786197,1.9010274082399286e-35
1,1.2430547849739106,0.0
2,-0.44124164668992744,-3.5425185653551086e-34
