,Alpha,Beta
0,0.09194182426786197,-1.5208236681593084e-34
1,-0.5891604794605049,0.0
2,1.2430547849739106,0.0
3,-0.44124164668992744,-3.542519084838949e-34
