,Alpha,Beta
0,-0.3698678867308746,-1.842120081270115e-33
1,0.47761360560873445,-5.986695157772275e-34
2,-0.08761363741832492,0.0
3,0.3680062057321499,-5.142919251406545e-34
