,Alpha,Beta
0,0.18484444222670135,0.0
1,1.8161856325605128,0.0
2,-0.31303317855965435,0.0
3,-1.4647644153267563,5.756261434514992e-33
