,Alpha,Beta
0,0.5943890103877404,-1.9461016401627628e-33
1,0.619441723477778,0.0
2,-0.03405988668323672,0.0
