,Alpha,Beta
0,7.132792839866753,-1.4579779496729995e-33
1,-1.1079606368161432,2.5656571188053737e-34
2,-0.44972356503163,0.0
3,-2.0361498866590253,-7.238877251037904e-33
