,Alpha,Beta
0,-0.4652025086602641,1.1925451615559207e-33
1,0.8236560892637287,1.4872273908178148e-33
2,-0.31303317855965435,0.0
3,0.1950693460657891,0.0
