,Alpha,Beta
0,0.09279237407262486,0.0
1,-0.44972356503163,0.0
2,-0.38486850093162966,6.967582898870774e-34
3,-0.956795152605172,-1.2587921811834406e-33
