,Alpha,Beta
0,0.5781758957654722,-1.4108910456523023e-33
1,-0.2971635823127888,0.0
2,0.31599793010383637,-6.308513460554791e-34
3,0.6432687581841577,0.0
