,Alpha,Beta
0,1.0375812709731544,0.0
1,0.8047065187990262,1.0942563692024808e-33
2,0.7329653821941323,-3.410601407092118e-34
