,Alpha,Beta
0,-1.3576366498801773,0.0
1,-2.30775503547256,0.0
2,-1.4536716728195258,0.0
3,-1.8188255303255554,-1.0129999490315264e-33
