,Alpha,Beta
0,0.1902262262646919,0.0
1,1.3917941890116574,-3.0897271482878603e-34
2,-0.16072738757958324,0.0
3,-0.009271733419968413,0.0
