,Alpha,Beta
0,-0.5973776273707788,0.0
1,1.4548731654508524,0.0
2,1.1037984635855,0.0
3,0.7165323989258582,9.859801159470458e-34
