,Alpha,Beta
0,0.03129986936403767,0.0
1,-0.44972356503163,0.0
2,0.3868175431418157,0.0
3,0.9951987107421156,-4.2623068284803555e-34
