,Alpha,Beta
0,-2.83658335826552,1.864529666496958e-33
1,-0.31303317855965435,0.0
2,0.6046265378527631,1.6659404285157506e-33
3,-0.2020492514692314,6.311830438978511e-34
