,Alpha,Beta
0,2.384849413849486,0.0
1,-1.4536716728195258,0.0
2,-0.30672394177156626,0.0
3,-0.5259390575123175,-1.9189332343123926e-33
