,Alpha,Beta
0,-1.2638540483514864,2.354458332229732e-34
1,0.4925405096723535,0.0
2,-0.08761363741832492,0.0
3,-1.151467812800936,-4.978659115415787e-33
