,Alpha,Beta
0,-0.19104531534012398,-1.5784512544480332e-34
1,-0.39347999706919967,1.9163929799009045e-33
2,-0.44972356503163,0.0
3,0.3995770029093012,-1.8751360699788145e-33
