,Alpha,Beta
0,-0.5360790134705219,0.0
1,-0.04017769838112152,0.0
2,0.48038767587045134,-1.131469807772557e-33
3,0.03108003619747381,2.262884008111353e-34
