,Alpha,Beta
0,-2.0230818766417467,0.0
1,-0.31303317855965435,0.0
2,0.40362602225180677,-2.4176610620555275e-34
3,-0.2945082073105581,0.0
