,Alpha,Beta
0,0.9704363333502284,1.2038889237471654e-33
1,1.2893791046317895,-2.505186902547005e-33
2,0.005763776375610739,0.0
