,Alpha,Beta
0,-0.621276240389058,-1.824383317036151e-33
1,0.3225059053033749,0.0
2,-0.7597268411499536,4.2206443848662446e-33
3,-0.7986955542084254,-1.760351767930663e-33
