,Alpha,Beta
0,0.9704363333502284,1.0943878921444751e-33
1,1.2893791046317895,-9.816176286509e-34
2,-1.4536716728195258,0.0
3,0.005763776375610739,0.0
