,Alpha,Beta
0,0.774290804440181,0.0
1,0.13849410276911878,0.0
2,1.0154106886266658,-1.291048406223397e-33
