,Alpha,Beta
0,0.2044976509410157,0.0
1,-0.3800280107774512,0.0
2,-0.24989868972038357,1.371931862474282e-34
3,0.09114286516491024,1.3410177122209987e-34
