,Alpha,Beta
0,-0.43610519012040067,8.642017756449796e-34
1,0.5836092780168894,0.0
2,-0.3984169804942769,1.740156875434919e-33
3,0.24020329567040086,5.6993656419591104e-34
