,Alpha,Beta
0,-3.5010484557255617,0.0
1,-0.08061915793219557,-4.569130904522508e-35
2,-1.4536716728195258,0.0
3,0.11922437244128423,-2.0660834373804024e-34
