,Alpha,Beta
0,-0.5033392930386614,0.0
1,0.31599793010383637,5.810906609723887e-34
2,0.30366036841387384,0.0
3,-0.6067549799038072,8.199017589124884e-34
