,Alpha,Beta
0,-0.5033392930386614,0.0
1,0.30366036841387384,0.0
2,-0.6067549799038072,8.199017589124884e-34
