,Alpha,Beta
0,0.14689653474906164,7.600643721190111e-35
1,-0.23006696266819404,-1.7965215681054702e-34
2,-0.44972356503163,0.0
3,0.33872852789487246,-7.845892320092067e-34
