,Alpha,Beta
0,-0.01079260097732632,0.0
1,-0.17606215835531033,-2.12824797808765e-34
2,-0.2835351236748921,0.0
