,Alpha,Beta
0,-0.01079260097732632,0.0
1,0.8513807497825833,9.944922331396774e-33
2,-0.17606215835531033,-2.12824797808765e-34
3,-0.2835351236748921,0.0
