,Alpha,Beta
0,-0.38094049843581984,0.0
1,-0.07560445494751691,-2.620920550638381e-35
2,0.6239329126195334,0.0
