,Alpha,Beta
0,-0.38094049843581984,0.0
1,-0.07560445494751691,-2.620920550638381e-35
2,0.8513807497825833,4.170670231440544e-33
3,0.6239329126195334,0.0
