,Alpha,Beta
0,0.619441723477778,0.0
1,0.8513807497825833,1.5573921459130783e-32
2,-0.03405988668323672,0.0
3,-1.0571088346953328,-6.705545582268753e-33
