,Alpha,Beta
0,-3.472380929364507,3.504761128323034e-33
1,-0.16683703503080907,-5.9930974797562605e-34
2,-0.44972356503163,0.0
3,0.9584456121094844,0.0
