,Alpha,Beta
0,-1.0061545424946463,0.0
1,0.7361318671186093,2.1026113290474376e-33
2,-2.3441285577487916,1.662598328663097e-33
