,Alpha,Beta
0,9.053046847095773,2.46699212465609e-32
1,-1.296764065783098,7.334568945459179e-34
2,-1.4536716728195258,0.0
3,0.2044976509410157,0.0
