,Alpha,Beta
0,1.3666080297633487,0.0
1,-0.16072738757958324,0.0
2,0.9414490531601625,8.43789486743668e-34
3,0.10474656429120681,3.324005404686437e-34
