,Alpha,Beta
0,1.9465427842201886,0.0
1,-0.53242733944468,0.0
2,-1.4536716728195258,0.0
3,-0.8638383833140063,0.0
