,Alpha,Beta
0,0.07120579999055689,0.0
1,0.31599793010383637,0.0
2,0.05763096975894304,0.0
3,0.0026611100957065,0.0
