,Alpha,Beta
0,0.4166513696354306,-2.3590763664022446e-34
1,-1.243817967347248,-1.7972459117195933e-33
2,0.8471989723701757,0.0
