,Alpha,Beta
0,0.9255149924100697,3.3430217332626006e-34
1,0.3996773531762996,0.0
2,-1.4536716728195258,0.0
3,-0.6273366574882521,0.0
