,Alpha,Beta
0,-0.22269399713542448,0.0
1,-0.05561754625998287,-3.8726538659678884e-34
2,-0.24989868972038357,-3.1455371984423122e-34
3,-0.625395422992098,0.0
