,Alpha,Beta
0,0.17673147961996705,0.0
1,0.31599793010383637,3.1837106126707666e-34
2,-0.05995234151451153,-1.1122345435114418e-34
3,-0.26226716701027447,0.0
