,Alpha,Beta
0,0.17673147961996705,0.0
1,-0.05995234151451153,-3.707450692837367e-35
2,-0.26226716701027447,3.1807464779859864e-34
