,Alpha,Beta
0,0.14461813924660838,0.0
1,-0.6345863121045744,0.0
2,1.4042194481382366,-7.144237452954686e-34
